file_name,date_time,date_time_parsed
CCAM6_D1_00.jpg,07/06/2023 08:05:06 AM,2023-07-06T08:05:06Z
CCAM6_D1_01.jpg,07/06/2023 08:15:06 AM,2023-07-06T08:15:06Z
CCAM6_D1_02.jpg,07/06/2023 08:25:06 AM,2023-07-06T08:25:06Z
CCAM6_D1_03.jpg,07/06/2023 08:35:05 AM,2023-07-06T08:35:05Z
CCAM6_D1_04.jpg,07/06/2023 08:45:06 AM,2023-07-06T08:45:06Z
CCAM6_D1_05.jpg,07/06/2023 08:55:06 AM,2023-07-06T08:55:06Z
CCAM6_D1_06.jpg,07/06/2023 09:05:06 AM,2023-07-06T09:05:06Z
CCAM6_D1_07.jpg,07/06/2023 09:15:06 AM,2023-07-06T09:15:06Z
CCAM6_D1_08.jpg,07/06/2023 09:25:06 AM,2023-07-06T09:25:06Z
CCAM6_D1_09.jpg,07/06/2023 09:35:06 AM,2023-07-06T09:35:06Z
CCAM6_D1_10.jpg,07/06/2023 09:43:18 AM,2023-07-06T09:43:18Z
CCAM6_D1_11.jpg,07/06/2023 09:45:06 AM,2023-07-06T09:45:06Z
CCAM6_D1_12.jpg,07/06/2023 09:55:06 AM,2023-07-06T09:55:06Z
CCAM6_D1_13.jpg,07/06/202309:59:3AM,2023-07-06T09:59:03Z
CCAM6_D1_14.jpg,07/06/2023 10:02:45 AM,2023-07-06T10:02:45Z
CCAM6_D1_15.jpg,07/06/2023 10:05:06 AM,2023-07-06T10:05:06Z
CCAM6_D1_16.jpg,07/06/2023 10:11:42 AM,2023-07-06T10:11:42Z
CCAM6_D1_17.jpg,07/06/2023 10:15:06 AM,2023-07-06T10:15:06Z
CCAM6_D1_18.jpg,07/06/2023 10:20:15 AM,2023-07-06T10:20:15Z
CCAM6_D1_19.jpg,07/06/2023 10:25:07 AM,2023-07-06T10:25:07Z
CCAM6_D1_20.jpg,07/06/2023 10:35:05 AM,2023-07-06T10:35:05Z
CCAM6_D1_21.jpg,07/06/2023 10:43:57 AM,2023-07-06T10:43:57Z
CCAM6_D1_22.jpg,07/06/2023 10:45:05 AM,2023-07-06T10:45:05Z
CCAM6_D1_23.jpg,07/06/2023 10:55:06 AM,2023-07-06T10:55:06Z
CCAM6_D1_24.jpg,07/06/2023 11:05:06 AM,2023-07-06T11:05:06Z
CCAM6_D1_25.jpg,07/06/2023 11:15:06 AM,2023-07-06T11:15:06Z
CCAM6_D1_26.jpg,07/06/2023 11:18:03 AM,2023-07-06T11:18:03Z
CCAM6_D1_27.jpg,07/06/2023 11:25:06 AM,2023-07-06T11:25:06Z
CCAM6_D1_28.jpg,07/06/2023 11:35:06 AM,2023-07-06T11:35:06Z
CCAM6_D1_29.jpg,07/06/2023 11:45:06 AM,2023-07-06T11:45:06Z
CCAM6_D1_30.jpg,07/06/2023 11:55:06 AM,2023-07-06T11:55:06Z
CCAM6_D1_31.jpg,07/06/2023 12:05:06 PM,2023-07-06T12:05:06Z
CCAM6_D1_32.jpg,07/06/2023 12:15:06 PM,2023-07-06T12:15:06Z
CCAM6_D1_33.jpg,07/06/2023 12:25:06 PM,2023-07-06T12:25:06Z
CCAM6_D1_34.jpg,07/06/2023 12:35:06 PM,2023-07-06T12:35:06Z
CCAM6_D1_35.jpg,07/06/2023 12:45:05 PM,2023-07-06T12:45:05Z
CCAM6_D1_36.jpg,07/06/2023 12:55:06 PM,2023-07-06T12:55:06Z
CCAM6_D1_37.jpg,07/06/2023 01:05:06 PM,2023-07-06T13:05:06Z
CCAM6_D1_38.jpg,07/06/2023 01:15:06 PM,2023-07-06T13:15:06Z
CCAM6_D1_39.jpg,07/06/2023 01:25:06 PM,2023-07-06T13:25:06Z
CCAM6_D1_40.jpg,07/06/2023 01:35:06 PM,2023-07-06T13:35:06Z
CCAM6_D1_41.jpg,07/06/2023 01:45:06 PM,2023-07-06T13:45:06Z
CCAM6_D1_42.jpg,07/06/2023 01:55:06 PM,2023-07-06T13:55:06Z
CCAM6_D1_43.jpg,07/06/2023 02:05:06 PM,2023-07-06T14:05:06Z
CCAM6_D1_44.jpg,07/06/2023 02:15:06 PM,2023-07-06T14:15:06Z
CCAM6_D1_45.jpg,07/06/2023 02:25:06 PM,2023-07-06T14:25:06Z
CCAM6_D1_46.jpg,07/06/2023 02:26:28 PM,2023-07-06T14:26:28Z
CCAM6_D1_47.jpg,07/06/2023 02:34:51 PM,2023-07-06T14:34:51Z
CCAM6_D1_48.jpg,07/06/2023 02:35:06 PM,2023-07-06T14:35:06Z
CCAM6_D1_49.jpg,07/06/2023 02:43:52 PM,2023-07-06T14:43:52Z
CCAM6_D1_50.jpg,07/06/2023 02:45:05 PM,2023-07-06T14:45:05Z
CCAM6_D1_51.jpg,07/06/2023 02:55:06 PM,2023-07-06T14:55:06Z
CCAM6_D1_52.jpg,07/06/2023 03:05:06 PM,2023-07-06T15:05:06Z
CCAM6_D1_53.jpg,07/06/2023 03:09:36 PM,2023-07-06T15:09:36Z
CCAM6_D1_54.jpg,07/06/2023 03:15:06 PM,2023-07-06T15:15:06Z
CCAM6_D1_55.jpg,07/06/2023 03:19:52 PM,2023-07-06T15:19:52Z
CCAM6_D1_56.jpg,07/06/2023 03:25:06 PM,2023-07-06T15:25:06Z
CCAM6_D1_57.jpg,07/06/2023 03:35:06 PM,2023-07-06T15:35:06Z
CCAM6_D1_58.jpg,07/06/2023 03:45:06 PM,2023-07-06T15:45:06Z
CCAM6_D1_59.jpg,07/06/2023 03:49:04 PM,2023-07-06T15:49:04Z
CCAM6_D1_60.jpg,07/06/2023 03:53:53 PM,2023-07-06T15:53:53Z
CCAM6_D1_61.jpg,07/06/2023 03:55:06 PM,2023-07-06T15:55:06Z
CCAM6_D1_62.jpg,07/06/2023 04:05:06 PM,2023-07-06T16:05:06Z
CCAM6_D1_63.jpg,07/06/2023 04:15:06 PM,2023-07-06T16:15:06Z
CCAM6_D1_64.jpg,07/06/2023 04:22:55 PM,2023-07-06T16:22:55Z
CCAM6_D1_65.jpg,07/06/2023 04:25:06 PM,2023-07-06T16:25:06Z
CCAM6_D1_66.jpg,07/06/2023 04:35:06 PM,2023-07-06T16:35:06Z
CCAM6_D1_67.jpg,07/06/2023 04:45:05 PM,2023-07-06T16:45:05Z
CCAM6_D1_68.jpg,07/06/2023 04:55:06 PM,2023-07-06T16:55:06Z
CCAM6_D1_69.jpg,07/06/2023 05:05:06 PM,2023-07-06T17:05:06Z
CCAM6_D1_70.jpg,07/06/2023 05:15:06 PM,2023-07-06T17:15:06Z
CCAM6_D1_71.jpg,07/06/2023 05:21:05 PM,2023-07-06T17:21:05Z
CCAM6_D1_72.jpg,07/06/2023 05:25:05 PM,2023-07-06T17:25:05Z
CCAM6_D1_73.jpg,07/06/2023 05:35:06 PM,2023-07-06T17:35:06Z
CCAM6_D1_74.jpg,07/06/2023 05:45:06 PM,2023-07-06T17:45:06Z
CCAM6_D1_75.jpg,07/06/2023 05:55:06 PM,2023-07-06T17:55:06Z
CCAM6_D1_76.jpg,07/06/2023 06:05:06 PM,2023-07-06T18:05:06Z
CCAM6_D1_77.jpg,07/06/2023 06:15:06 PM,2023-07-06T18:15:06Z
CCAM6_D1_78.jpg,07/06/2023 06:25:06 PM,2023-07-06T18:25:06Z
CCAM6_D1_79.jpg,07/06/2023 06:35:06 PM,2023-07-06T18:35:06Z
CCAM6_D1_80.jpg,07/06/2023 06:45:05 PM,2023-07-06T18:45:05Z
CCAM6_D1_81.jpg,07/06/2023 06:55:06 PM,2023-07-06T18:55:06Z
CCAM12_D3_00.jpg,10/05/2023 06:33:31 AM,2023-10-05T06:33:31Z
CCAM12_D3_01.jpg,10/05/2023 06:48:37 AM,2023-10-05T06:48:37Z
CCAM12_D3_02.jpg,10/05/202306:58:37AM,2023-10-05T06:58:37Z
CCAM12_D3_03.jpg,10/05/2023 07:08:37 AM,2023-10-05T07:08:37Z
CCAM12_D3_04.jpg,10/05/2023 07:18:37 AM,2023-10-05T07:18:37Z
CCAM12_D3_05.jpg,10/05/2023 07:28:37 AM,2023-10-05T07:28:37Z
CCAM12_D3_06.jpg,10/05/2023 07:38:37 AM,2023-10-05T07:38:37Z
CCAM12_D3_07.jpg,10/05/2023 07:48:37 AM,2023-10-05T07:48:37Z
CCAM12_D3_08.jpg,10/05/2023 07:57:40 AM,2023-10-05T07:57:40Z
CCAM12_D3_09.jpg,10/05/2023 07:58:37 AM,2023-10-05T07:58:37Z
CCAM12_D3_10.jpg,10/05/2023 08:08:36 AM,2023-10-05T08:08:36Z
CCAM12_D3_11.jpg,10/05/2023 08:18:37 AM,2023-10-05T08:18:37Z
CCAM12_D3_12.jpg,10/05/2023 08:28:37 AM,2023-10-05T08:28:37Z
CCAM12_D3_13.jpg,10/05/2023 08:38:37 AM,2023-10-05T08:38:37Z
CCAM12_D3_14.jpg,10/05/2023 08:48:37 AM,2023-10-05T08:48:37Z
CCAM12_D3_15.jpg,10/05/202308:58:37AM,2023-10-05T08:58:37Z
CCAM12_D3_16.jpg,10/05/2023 09:08:37 AM,2023-10-05T09:08:37Z
CCAM12_D3_17.jpg,10/05/2023 09:18:37 AM,2023-10-05T09:18:37Z
CCAM12_D3_18.jpg,10/05/2023 09:28:37 AM,2023-10-05T09:28:37Z
CCAM12_D3_19.jpg,10/05/2023 09:38:37 AM,2023-10-05T09:38:37Z
CCAM12_D3_20.jpg,10/05/2023 09:48:37 AM,2023-10-05T09:48:37Z
CCAM12_D3_21.jpg,10/05/2023 09:53:37 AM,2023-10-05T09:53:37Z
CCAM12_D3_22.jpg,10/05/2023 10:08:36 AM,2023-10-05T10:08:36Z
CCAM12_D3_23.jpg,10/05/2023 10:15:19 AM,2023-10-05T10:15:19Z
CCAM12_D3_24.jpg,10/05/2023 10:18:37 AM,2023-10-05T10:18:37Z
CCAM12_D3_25.jpg,10/05/2023 10:28:37 AM,2023-10-05T10:28:37Z
CCAM12_D3_26.jpg,10/05/2023 10:38:37 AM,2023-10-05T10:38:37Z
CCAM12_D3_27.jpg,10/05/2023 10:43:37 AM,2023-10-05T10:43:37Z
CCAM12_D3_28.jpg,10/05/2023 10:58:37 AM,2023-10-05T10:58:37Z
CCAM12_D3_29.jpg,10/05/2023 10:59:52 AM,2023-10-05T10:59:52Z
CCAM12_D3_30.jpg,10/05/2023 11:00:24 AM,2023-10-05T11:00:24Z
CCAM12_D3_31.jpg,10/05/2023 11:04:22 AM,2023-10-05T11:04:22Z
CCAM12_D3_32.jpg,10/05/2023 11:08:36 AM,2023-10-05T11:08:36Z
CCAM12_D3_33.jpg,10/05/2023 11:15:40 AM,2023-10-05T11:15:40Z
CCAM12_D3_34.jpg,10/05/2023 11:16:15 AM,2023-10-05T11:16:15Z
CCAM12_D3_35.jpg,10/05/20231118:37AM,2023-10-05T11:18:37Z
CCAM12_D3_36.jpg,10/05/2023 11:27:35 AM,2023-10-05T11:27:35Z
CCAM12_D3_37.jpg,10/05/2023 11:28:37 AM,2023-10-05T11:28:37Z
CCAM12_D3_38.jpg,10/05/2023 11:29:09 AM,2023-10-05T11:29:09Z
CCAM12_D3_39.jpg,10/05/2023 11:38:37 AM,2023-10-05T11:38:37Z
CCAM12_D3_40.jpg,10/05/2023 11:43:53 AM,2023-10-05T11:43:53Z
CCAM12_D3_41.jpg,10/05/2023 11:46:05 AM,2023-10-05T11:46:05Z
CCAM12_D3_42.jpg,10/05/2023 11:48:37 AM,2023-10-05T11:48:37Z
CCAM12_D3_43.jpg,10/05/2023 11:58:37 AM,2023-10-05T11:58:37Z
CCAM12_D3_44.jpg,10/05/2023 12:08:36 PM,2023-10-05T12:08:36Z
CCAM12_D3_45.jpg,10/05/2023 12:18:37 PM,2023-10-05T12:18:37Z
CCAM12_D3_46.jpg,10/05/2023 12:28:37 PM,2023-10-05T12:28:37Z
CCAM12_D3_47.jpg,10/05/2023 12:38:37 PM,2023-10-05T12:38:37Z
CCAM12_D3_48.jpg,10/05/2023 12:48:37 PM,2023-10-05T12:48:37Z
CCAM12_D3_49.jpg,10/05/2023 12:58:37 PM,2023-10-05T12:58:37Z
CCAM12_D3_50.jpg,10/05/2023 01:08:37 PM,2023-10-05T13:08:37Z
CCAM12_D3_51.jpg,10/05/2023 01:18:37 PM,2023-10-05T13:18:37Z
CCAM12_D3_52.jpg,10/05/2023 01:28:37 PM,2023-10-05T13:28:37Z
CCAM12_D3_53.jpg,10/05/2023 01:38:37 PM,2023-10-05T13:38:37Z
CCAM12_D3_54.jpg,10/05/2023 01:48:37 PM,2023-10-05T13:48:37Z
CCAM12_D3_55.jpg,10/05/2023 01:58:37 PM,2023-10-05T13:58:37Z
CCAM12_D3_56.jpg,10/05/2023 02:08:36 PM,2023-10-05T14:08:36Z
CCAM12_D3_57.jpg,10/05/2023 02:18:37 PM,2023-10-05T14:18:37Z
CCAM12_D3_58.jpg,10/05/2023 02:28:37 PM,2023-10-05T14:28:37Z
CCAM12_D3_59.jpg,10/05/2023 02:38:37 PM,2023-10-05T14:38:37Z
CCAM12_D3_60.jpg,10/05/2023 02:48:37 PM,2023-10-05T14:48:37Z
CCAM12_D3_61.jpg,10/05/2023 02:58:37 PM,2023-10-05T14:58:37Z
CCAM12_D3_62.jpg,10/05/2023 03:08:37 PM,2023-10-05T15:08:37Z
CCAM12_D3_63.jpg,10/05/2023 03:18:37 PM,2023-10-05T15:18:37Z
CCAM12_D3_64.jpg,10/05/2023 03:28:37 PM,2023-10-05T15:28:37Z
CCAM12_D3_65.jpg,10/05/2023 03:38:37 PM,2023-10-05T15:38:37Z
CCAM12_D3_66.jpg,10/05/2023 03:44:06 PM,2023-10-05T15:44:06Z
CCAM12_D3_67.jpg,10/05/202303:48:37PM,2023-10-05T15:48:37Z
CCAM12_D3_68.jpg,10/05/2023 03:58:37 PM,2023-10-05T15:58:37Z
CCAM12_D3_69.jpg,10/05/2023 04:08:36 PM,2023-10-05T16:08:36Z
CCAM12_D3_70.jpg,10/05/2023 04:18:37 PM,2023-10-05T16:18:37Z
CCAM12_D3_71.jpg,10/05/2023 04:28:37 PM,2023-10-05T16:28:37Z
CCAM12_D3_72.jpg,10/05/2023 04:33:37 PM,2023-10-05T16:33:37Z
CCAM12_D3_73.jpg,10/05/2023 04:48:37 PM,2023-10-05T16:48:37Z
CCAM12_D3_74.jpg,10/05/202304:58:37PM,2023-10-05T16:58:37Z
CCAM12_D3_75.jpg,10/05/2023 05:08:37 PM,2023-10-05T17:08:37Z
CCAM12_D3_76.jpg,10/05/2023 05:18:37 PM,2023-10-05T17:18:37Z
CCAM12_D3_77.jpg,10/05/2023 05:28:37 PM,2023-10-05T17:28:37Z
CCAM12_D3_78.jpg,10/05/2023 05:38:37 PM,2023-10-05T17:38:37Z
CCAM12_D3_79.jpg,10/05/2023 05:48:37 PM,2023-10-05T17:48:37Z
CCAM12_D3_80.jpg,10/05/2023 05:58:37 PM,2023-10-05T17:58:37Z
CCAM12_D3_81.jpg,10/05/2023 06:08:36 PM,2023-10-05T18:08:36Z
CCAM12_D3_82.jpg,10/05/2023 06:18:37 PM,2023-10-05T18:18:37Z
CCAM12_D3_83.jpg,10/05/2023 06:28:37 PM,2023-10-05T18:28:37Z
CCAM12_D3_84.jpg,10/05/202306:38:37PM,2023-10-05T18:38:37Z
CCAM12_D3_85.jpg,10/05/2023 06:48:37 PM,2023-10-05T18:48:37Z
CCAM12_D3_86.jpg,10/05/2023 06:53:37 PM,2023-10-05T18:53:37Z
CCAM12_D3_87.jpg,10/05/2023 07:08:37 PM,2023-10-05T19:08:37Z
CCAM12_D3_88.jpg,10/05/2023 07:18:37 PM,2023-10-05T19:18:37Z
